,Power,Wheels_Size,Rear_Tyre_&_Rim,Displacement,Cylinders,Fuel_Tank_Capacity,Front_Tyre_&_Rim,Torque,Fuel_System,Maruti Suzuki,Honda,Tata,Jeep,Kia,Hyundai,Bmw,Ford,Maruti Suzuki R,Mahindra
54,86.0,,,1199.0,3.0,35.0,,114.0,1.0,0,0,1,0,0,0,0,0,0,0
55,86.0,,,1199.0,3.0,35.0,,114.0,1.0,0,0,1,0,0,0,0,0,0,0
56,86.0,,,1199.0,3.0,35.0,,114.0,1.0,0,0,1,0,0,0,0,0,0,0
57,86.0,,,1199.0,3.0,35.0,,114.0,1.0,0,0,1,0,0,0,0,0,0,0
58,86.0,,,1199.0,3.0,35.0,,114.0,1.0,0,0,1,0,0,0,0,0,0,0
59,86.0,,,1199.0,3.0,35.0,,114.0,1.0,0,0,1,0,0,0,0,0,0,0
60,86.0,,,1199.0,3.0,35.0,,114.0,1.0,0,0,1,0,0,0,0,0,0,0
61,86.0,,,1199.0,3.0,35.0,,114.0,1.0,0,0,1,0,0,0,0,0,0,0
77,,,,999.0,3.0,40.0,,96.0,1.0,0,0,0,0,0,0,0,0,0,0
78,,,,999.0,3.0,40.0,,96.0,1.0,0,0,0,0,0,0,0,0,0,0
79,,,,999.0,3.0,40.0,,96.0,1.0,0,0,0,0,0,0,0,0,0,0
80,,,,999.0,3.0,40.0,,96.0,1.0,0,0,0,0,0,0,0,0,0,0
136,83.0,,,1197.0,,37.0,,114.0,1.0,0,0,0,0,0,1,0,0,0,0
137,83.0,,,1197.0,,37.0,,114.0,1.0,0,0,0,0,0,1,0,0,0,0
138,83.0,,,1197.0,,37.0,,114.0,1.0,0,0,0,0,0,1,0,0,0,0
140,100.0,,,998.0,,37.0,,,1.0,0,0,0,0,0,1,0,0,0,0
143,75.0,,,1186.0,,37.0,,,1.0,0,0,0,0,0,1,0,0,0,0
144,75.0,,,1186.0,,37.0,,,1.0,0,0,0,0,0,1,0,0,0,0
219,,,,1197.0,4.0,37.0,,,1.0,0,0,0,0,0,0,0,0,0,0
220,,,,1197.0,4.0,37.0,,,1.0,0,0,0,0,0,0,0,0,0,0
221,,,,1197.0,4.0,37.0,,,1.0,0,0,0,0,0,0,0,0,0,0
222,,,,1197.0,4.0,37.0,,,1.0,0,0,0,0,0,0,0,0,0,0
223,,,,1197.0,4.0,37.0,,,1.0,0,0,0,0,0,0,0,0,0,0
235,173.0,,,1956.0,4.0,60.0,,,1.0,0,0,0,1,0,0,0,0,0,0
236,173.0,,,1956.0,4.0,60.0,,,1.0,0,0,0,1,0,0,0,0,0,0
275,,,,1998.0,4.0,44.0,,,1.0,0,0,0,0,0,0,0,0,0,0
276,250.0,,,1997.0,4.0,61.0,,,1.0,0,0,0,0,0,0,0,0,0,0
277,180.0,,,1999.0,4.0,56.0,,,1.0,0,0,0,0,0,0,0,0,0,0
278,180.0,,,1999.0,4.0,56.0,,,1.0,0,0,0,0,0,0,0,0,0,0
279,250.0,,,1997.0,4.0,61.0,,,1.0,0,0,0,0,0,0,0,0,0,0
286,,,,1984.0,4.0,73.0,,,1.0,0,0,0,0,0,0,0,0,0,0
287,,,,1984.0,4.0,73.0,,,1.0,0,0,0,0,0,0,0,0,0,0
304,,,,2979.0,6.0,52.0,,,1.0,0,0,0,0,0,0,1,0,0,0
315,265.0,,,2993.0,6.0,78.0,,,1.0,0,0,0,0,0,0,1,0,0,0
316,265.0,,,2993.0,6.0,78.0,,,1.0,0,0,0,0,0,0,1,0,0,0
317,265.0,,,2993.0,6.0,78.0,,,1.0,0,0,0,0,0,0,1,0,0,0
318,,,,2998.0,6.0,78.0,,,1.0,0,0,0,0,0,0,1,0,0,0
319,,,,2998.0,6.0,46.0,,,1.0,0,0,0,0,0,0,1,0,0,0
320,,,,6592.0,12.0,78.0,,,1.0,0,0,0,0,0,0,1,0,0,0
321,340.0,,,2995.0,4.0,85.0,,500.0,1.0,0,0,0,0,0,0,0,0,0,0
328,585.0,285.0,285.0,3982.0,8.0,96.0,285.0,,1.0,0,0,0,0,0,0,0,0,0,0
329,289.0,,,2925.0,6.0,100.0,,600.0,1.0,0,0,0,0,0,0,0,0,0,0
330,340.0,,,2995.0,8.0,82.0,,500.0,1.0,0,0,0,0,0,0,0,0,0,0
332,275.0,,,2987.0,6.0,70.0,245.0,,1.0,0,0,0,0,0,0,0,0,0,0
355,,,,7993.0,16.0,,,,0.0,0,0,0,0,0,0,0,0,0,0
356,,,,7993.0,16.0,,,,0.0,0,0,0,0,0,0,0,0,0,0
371,67.0,,,998.0,3.0,27.0,,90.0,1.0,1,0,0,0,0,0,0,0,0,0
372,67.0,,,998.0,3.0,27.0,,90.0,1.0,1,0,0,0,0,0,0,0,0,0
373,67.0,,,998.0,3.0,27.0,,90.0,1.0,1,0,0,0,0,0,0,0,0,0
374,67.0,,,998.0,3.0,27.0,,90.0,1.0,1,0,0,0,0,0,0,0,0,0
375,67.0,,,998.0,3.0,27.0,,90.0,1.0,1,0,0,0,0,0,0,0,0,0
376,67.0,,,998.0,3.0,27.0,,90.0,1.0,1,0,0,0,0,0,0,0,0,0
377,68.0,155.0,155.0,998.0,3.0,35.0,155.0,90.0,1.0,1,0,0,0,0,0,0,0,0,0
378,68.0,165.0,165.0,998.0,3.0,35.0,165.0,90.0,1.0,1,0,0,0,0,0,0,0,0,0
379,68.0,165.0,165.0,998.0,3.0,35.0,165.0,90.0,1.0,1,0,0,0,0,0,0,0,0,0
380,68.0,165.0,165.0,998.0,3.0,35.0,165.0,90.0,1.0,1,0,0,0,0,0,0,0,0,0
381,68.0,165.0,165.0,998.0,3.0,35.0,165.0,90.0,1.0,1,0,0,0,0,0,0,0,0,0
382,59.0,165.0,165.0,998.0,3.0,35.0,165.0,78.0,1.0,1,0,0,0,0,0,0,0,0,0
383,68.0,165.0,165.0,998.0,3.0,35.0,165.0,90.0,1.0,1,0,0,0,0,0,0,0,0,0
384,68.0,155.0,155.0,998.0,3.0,35.0,155.0,90.0,1.0,1,0,0,0,0,0,0,0,0,0
385,68.0,165.0,165.0,998.0,3.0,35.0,165.0,90.0,1.0,1,0,0,0,0,0,0,0,0,0
386,68.0,165.0,165.0,998.0,3.0,35.0,165.0,90.0,1.0,1,0,0,0,0,0,0,0,0,0
387,68.0,165.0,165.0,998.0,3.0,35.0,165.0,90.0,1.0,1,0,0,0,0,0,0,0,0,0
416,83.0,,,1197.0,4.0,37.0,,113.0,1.0,1,0,0,0,0,0,0,0,0,0
417,83.0,165.0,165.0,1197.0,4.0,37.0,165.0,113.0,1.0,1,0,0,0,0,0,0,0,0,0
418,83.0,165.0,165.0,1197.0,4.0,37.0,165.0,113.0,1.0,1,0,0,0,0,0,0,0,0,0
419,83.0,185.0,185.0,1197.0,4.0,37.0,185.0,113.0,1.0,1,0,0,0,0,0,0,0,0,0
420,83.0,185.0,185.0,1197.0,4.0,37.0,185.0,113.0,1.0,1,0,0,0,0,0,0,0,0,0
421,83.0,185.0,185.0,1197.0,4.0,37.0,185.0,113.0,1.0,1,0,0,0,0,0,0,0,0,0
428,83.0,185.0,185.0,1197.0,4.0,37.0,185.0,113.0,1.0,1,0,0,0,0,0,0,0,0,0
432,86.0,165.0,165.0,1199.0,3.0,37.0,165.0,113.0,1.0,0,0,1,0,0,0,0,0,0,0
433,86.0,165.0,165.0,1199.0,3.0,37.0,165.0,113.0,1.0,0,0,1,0,0,0,0,0,0,0
434,86.0,165.0,165.0,1199.0,3.0,37.0,165.0,113.0,1.0,0,0,1,0,0,0,0,0,0,0
437,90.0,165.0,165.0,1497.0,4.0,37.0,165.0,,1.0,0,0,1,0,0,0,0,0,0,0
438,90.0,165.0,165.0,1497.0,4.0,37.0,165.0,,1.0,0,0,1,0,0,0,0,0,0,0
439,90.0,165.0,165.0,1497.0,4.0,37.0,165.0,,1.0,0,0,1,0,0,0,0,0,0,0
451,86.0,,,1199.0,3.0,35.0,,113.0,1.0,0,0,1,0,0,0,0,0,0,0
452,86.0,,,1199.0,3.0,35.0,,113.0,1.0,0,0,1,0,0,0,0,0,0,0
453,86.0,,,1199.0,3.0,35.0,,113.0,1.0,0,0,1,0,0,0,0,0,0,0
454,86.0,,,1199.0,3.0,35.0,,113.0,1.0,0,0,1,0,0,0,0,0,0,0
455,86.0,,,1199.0,3.0,35.0,,113.0,1.0,0,0,1,0,0,0,0,0,0,0
456,86.0,,,1199.0,3.0,35.0,,113.0,1.0,0,0,1,0,0,0,0,0,0,0
468,90.0,175.0,175.0,1199.0,4.0,35.0,175.0,110.0,1.0,0,1,0,0,0,0,0,0,0,0
469,100.0,175.0,175.0,1498.0,4.0,35.0,175.0,200.0,1.0,0,1,0,0,0,0,0,0,0,0
470,90.0,175.0,175.0,1199.0,4.0,35.0,175.0,110.0,1.0,0,1,0,0,0,0,0,0,0,0
471,80.0,175.0,175.0,1498.0,4.0,35.0,175.0,160.0,1.0,0,1,0,0,0,0,0,0,0,0
472,90.0,175.0,175.0,1199.0,4.0,35.0,175.0,110.0,1.0,0,1,0,0,0,0,0,0,0,0
473,80.0,175.0,175.0,1498.0,4.0,35.0,175.0,160.0,1.0,0,1,0,0,0,0,0,0,0,0
474,100.0,175.0,175.0,1498.0,4.0,35.0,175.0,200.0,1.0,0,1,0,0,0,0,0,0,0,0
475,100.0,175.0,175.0,1498.0,4.0,35.0,175.0,200.0,1.0,0,1,0,0,0,0,0,0,0,0
476,100.0,175.0,175.0,1498.0,4.0,35.0,175.0,200.0,1.0,0,1,0,0,0,0,0,0,0,0
477,90.0,175.0,175.0,1199.0,4.0,35.0,175.0,110.0,1.0,0,1,0,0,0,0,0,0,0,0
478,90.0,175.0,175.0,1199.0,4.0,35.0,175.0,110.0,1.0,0,1,0,0,0,0,0,0,0,0
479,90.0,175.0,175.0,1198.0,4.0,35.0,175.0,110.0,1.0,0,1,0,0,0,0,0,0,0,0
480,100.0,175.0,175.0,1498.0,4.0,35.0,175.0,200.0,1.0,0,1,0,0,0,0,0,0,0,0
481,90.0,175.0,175.0,1199.0,4.0,35.0,175.0,110.0,1.0,0,1,0,0,0,0,0,0,0,0
482,100.0,175.0,175.0,1498.0,4.0,35.0,175.0,200.0,1.0,0,1,0,0,0,0,0,0,0,0
483,90.0,175.0,175.0,1199.0,4.0,35.0,175.0,110.0,1.0,0,1,0,0,0,0,0,0,0,0
484,100.0,175.0,175.0,1498.0,4.0,35.0,175.0,200.0,1.0,0,1,0,0,0,0,0,0,0,0
485,90.0,175.0,175.0,1199.0,4.0,35.0,175.0,110.0,1.0,0,1,0,0,0,0,0,0,0,0
486,100.0,175.0,175.0,1498.0,4.0,35.0,175.0,200.0,1.0,0,1,0,0,0,0,0,0,0,0
487,90.0,175.0,175.0,1199.0,4.0,35.0,175.0,110.0,1.0,0,1,0,0,0,0,0,0,0,0
551,123.0,195.0,195.0,1497.0,3.0,52.0,195.0,150.0,1.0,0,0,0,0,0,0,0,1,0,0
552,123.0,195.0,195.0,1497.0,3.0,52.0,195.0,150.0,1.0,0,0,0,0,0,0,0,1,0,0
553,123.0,205.0,205.0,1497.0,3.0,52.0,205.0,150.0,1.0,0,0,0,0,0,0,0,1,0,0
554,123.0,205.0,205.0,1497.0,3.0,52.0,205.0,150.0,1.0,0,0,0,0,0,0,0,1,0,0
555,100.0,195.0,195.0,1498.0,4.0,52.0,195.0,,1.0,0,0,0,0,0,0,0,1,0,0
556,100.0,195.0,195.0,1498.0,4.0,52.0,195.0,,1.0,0,0,0,0,0,0,0,1,0,0
557,100.0,205.0,205.0,1498.0,4.0,52.0,205.0,,1.0,0,0,0,0,0,0,0,1,0,0
558,100.0,205.0,205.0,1498.0,4.0,52.0,205.0,,1.0,0,0,0,0,0,0,0,1,0,0
559,123.0,205.0,205.0,1497.0,4.0,52.0,205.0,150.0,1.0,0,0,0,0,0,0,0,1,0,0
560,100.0,205.0,205.0,1498.0,3.0,52.0,205.0,,1.0,0,0,0,0,0,0,0,1,0,0
561,123.0,205.0,205.0,1497.0,4.0,52.0,205.0,150.0,1.0,0,0,0,0,0,0,0,1,0,0
562,100.0,205.0,205.0,1498.0,4.0,52.0,205.0,,1.0,0,0,0,0,0,0,0,1,0,0
585,,,,1197.0,,42.0,,200.0,1.0,0,0,0,0,0,0,0,0,0,1
587,,,,1197.0,,42.0,,200.0,1.0,0,0,0,0,0,0,0,0,0,1
588,,,,1197.0,,42.0,,200.0,1.0,0,0,0,0,0,0,0,0,0,1
590,,,,1497.0,,42.0,,300.0,1.0,0,0,0,0,0,0,0,0,0,1
591,,,,1497.0,,42.0,,300.0,1.0,0,0,0,0,0,0,0,0,0,1
592,,,,1497.0,,42.0,,300.0,1.0,0,0,0,0,0,0,0,0,0,1
593,,,,1497.0,,42.0,,300.0,1.0,0,0,0,0,0,0,0,0,0,1
594,,,,1497.0,,42.0,,300.0,1.0,0,0,0,0,0,0,0,0,0,1
595,,,,1497.0,4.0,42.0,,300.0,1.0,0,0,0,0,0,0,0,0,0,1
637,104.0,,,1462.0,4.0,45.0,,138.0,1.0,1,0,0,0,0,0,0,0,0,0
638,104.0,,,1462.0,4.0,45.0,,138.0,1.0,1,0,0,0,0,0,0,0,0,0
639,104.0,,,1462.0,4.0,45.0,,138.0,1.0,1,0,0,0,0,0,0,0,0,0
640,104.0,,,1462.0,4.0,45.0,,138.0,1.0,1,0,0,0,0,0,0,0,0,0
713,162.0,,,1368.0,6.0,60.0,,,1.0,0,0,0,1,0,0,0,0,0,0
714,162.0,,,1368.0,6.0,60.0,,,1.0,0,0,0,1,0,0,0,0,0,0
715,162.0,,,1368.0,6.0,60.0,,,1.0,0,0,0,1,0,0,0,0,0,0
716,173.0,,,1956.0,6.0,60.0,,,1.0,0,0,0,1,0,0,0,0,0,0
717,173.0,,,1956.0,6.0,60.0,,,1.0,0,0,0,1,0,0,0,0,0,0
718,173.0,,,1956.0,6.0,60.0,,,1.0,0,0,0,1,0,0,0,0,0,0
719,173.0,,,1956.0,6.0,60.0,,,1.0,0,0,0,1,0,0,0,0,0,0
720,173.0,,,1956.0,6.0,60.0,,,1.0,0,0,0,1,0,0,0,0,0,0
721,173.0,,,1956.0,6.0,60.0,,,1.0,0,0,0,1,0,0,0,0,0,0
723,162.0,,,1368.0,6.0,60.0,,,1.0,0,0,0,1,0,0,0,0,0,0
724,173.0,,,1956.0,6.0,60.0,,,1.0,0,0,0,1,0,0,0,0,0,0
725,173.0,,,1956.0,6.0,60.0,,,1.0,0,0,0,1,0,0,0,0,0,0
726,173.0,,,1956.0,6.0,60.0,,,1.0,0,0,0,1,0,0,0,0,0,0
727,162.0,,,1368.0,6.0,60.0,,,1.0,0,0,0,1,0,0,0,0,0,0
728,163.0,,,1368.0,6.0,60.0,,,1.0,0,0,0,1,0,0,0,0,0,0
729,162.0,,,1368.0,6.0,60.0,,,1.0,0,0,0,1,0,0,0,0,0,0
730,173.0,,,1956.0,6.0,60.0,,,1.0,0,0,0,1,0,0,0,0,0,0
731,173.0,,,1956.0,6.0,60.0,,,1.0,0,0,0,1,0,0,0,0,0,0
732,173.0,,,1956.0,6.0,60.0,,,1.0,0,0,0,1,0,0,0,0,0,0
733,173.0,,,1956.0,6.0,60.0,,,1.0,0,0,0,1,0,0,0,0,0,0
740,141.0,,,1799.0,4.0,47.0,,174.0,1.0,0,1,0,0,0,0,0,0,0,0
741,141.0,,,1799.0,4.0,47.0,,174.0,1.0,0,1,0,0,0,0,0,0,0,0
742,141.0,,,1799.0,4.0,47.0,,174.0,1.0,0,1,0,0,0,0,0,0,0,0
744,120.0,,,1597.0,4.0,47.0,,300.0,1.0,0,1,0,0,0,0,0,0,0,0
745,142.76,,,,,,,353.0,1.0,0,0,0,0,0,0,0,0,0,0
746,142.76,,,,,,,353.0,1.0,0,0,0,0,0,0,0,0,0,0
747,200.0,,,2199.0,4.0,,,,1.0,0,0,0,0,1,0,0,0,0,0
748,200.0,,,2199.0,4.0,,,,1.0,0,0,0,0,1,0,0,0,0,0
749,200.0,,,2199.0,4.0,,,,1.0,0,0,0,0,1,0,0,0,0,0
750,200.0,,,2199.0,4.0,,,,1.0,0,0,0,0,1,0,0,0,0,0
751,200.0,,,2199.0,4.0,,,,1.0,0,0,0,0,1,0,0,0,0,0
773,,,,1968.0,4.0,63.0,,,1.0,0,0,0,0,0,0,0,0,0,0
778,192.0,,,1998.0,4.0,51.0,,,1.0,0,0,0,0,0,0,1,0,0,0
781,19.0,,,1995.0,4.0,40.0,,400.0,1.0,0,0,0,0,0,0,1,0,0,0
782,19.0,,,1995.0,4.0,40.0,,400.0,1.0,0,0,0,0,0,0,1,0,0,0
783,25.0,,,1998.0,4.0,59.0,,400.0,1.0,0,0,0,0,0,0,1,0,0,0
789,179.0,235.0,235.0,1999.0,4.0,,235.0,,1.0,0,0,0,0,0,0,0,0,0,0
790,179.0,235.0,235.0,1999.0,4.0,,235.0,,1.0,0,0,0,0,0,0,0,0,0,0
791,245.0,235.0,235.0,1997.0,4.0,,235.0,,1.0,0,0,0,0,0,0,0,0,0,0
792,245.0,235.0,235.0,1997.0,4.0,,235.0,,1.0,0,0,0,0,0,0,0,0,0,0
802,,,,1995.0,4.0,60.0,,400.0,1.0,0,0,0,0,0,0,1,0,0,0
803,265.0,,,2993.0,6.0,68.0,,,1.0,0,0,0,0,0,0,1,0,0,0
804,,,,1998.0,6.0,68.0,,350.0,1.0,0,0,0,0,0,0,1,0,0,0
805,268.0,245.0,245.0,1999.0,4.0,85.0,245.0,400.0,1.0,0,0,0,1,0,0,0,0,0,0
806,,,,1991.0,4.0,60.0,,,1.0,0,0,0,0,0,0,0,0,0,0
807,,,,1998.0,4.0,52.0,,,1.0,0,0,0,0,0,0,1,0,0,0
808,,,,2998.0,6.0,52.0,,,1.0,0,0,0,0,0,0,1,0,0,0
809,,,,2143.0,4.0,93.0,,,1.0,0,0,0,0,0,0,0,0,0,0
810,,,,2143.0,4.0,93.0,,,1.0,0,0,0,0,0,0,0,0,0,0
811,163.0,,,1950.0,4.0,70.0,,380.0,1.0,0,0,0,0,0,0,0,0,0,0
821,194.0,,,1950.0,6.0,80.0,,,1.0,0,0,0,0,0,0,0,0,0,0
840,,,,2995.0,6.0,75.0,,450.0,1.0,0,0,0,0,0,0,0,0,0,0
841,,,,3996.0,6.0,90.0,,770.0,1.0,0,0,0,0,0,0,0,0,0,0
842,335.0,,,2995.0,6.0,75.0,,,1.0,0,0,0,0,0,0,0,0,0,0
871,,,305.0,5204.0,10.0,90.0,245.0,560.0,1.0,0,0,0,0,0,0,0,0,0,0
904,,195.0,195.0,1197.0,4.0,37.0,195.0,115.0,1.0,1,0,0,0,0,0,0,0,0,0
905,,195.0,195.0,1197.0,4.0,37.0,195.0,115.0,1.0,1,0,0,0,0,0,0,0,0,0
906,,185.0,185.0,1197.0,4.0,37.0,185.0,115.0,1.0,1,0,0,0,0,0,0,0,0,0
907,,185.0,185.0,1197.0,4.0,37.0,185.0,115.0,1.0,1,0,0,0,0,0,0,0,0,0
908,,185.0,185.0,1197.0,4.0,37.0,185.0,115.0,1.0,1,0,0,0,0,0,0,0,0,0
909,,195.0,195.0,1197.0,4.0,37.0,195.0,115.0,1.0,1,0,0,0,0,0,0,0,0,0
910,,185.0,185.0,1197.0,4.0,37.0,185.0,115.0,1.0,1,0,0,0,0,0,0,0,0,0
911,,195.0,195.0,1197.0,4.0,37.0,195.0,115.0,1.0,1,0,0,0,0,0,0,0,0,0
912,,185.0,185.0,1197.0,4.0,37.0,185.0,115.0,1.0,1,0,0,0,0,0,0,0,0,0
929,,185.0,185.0,1462.0,4.0,45.0,185.0,138.0,1.0,1,0,0,0,0,0,0,0,0,0
930,,185.0,185.0,1462.0,4.0,45.0,185.0,138.0,1.0,1,0,0,0,0,0,0,0,0,0
931,,185.0,185.0,1462.0,4.0,45.0,185.0,130.0,1.0,1,0,0,0,0,0,0,0,0,0
932,,185.0,185.0,1462.0,4.0,45.0,185.0,130.0,1.0,1,0,0,0,0,0,0,0,0,0
933,,185.0,185.0,1462.0,4.0,45.0,185.0,180.0,1.0,1,0,0,0,0,0,0,0,0,0
934,,185.0,185.0,1462.0,4.0,45.0,185.0,138.0,1.0,1,0,0,0,0,0,0,0,0,0
938,,185.0,185.0,1462.0,4.0,45.0,185.0,180.0,1.0,1,0,0,0,0,0,0,0,0,0
969,115.0,,,1497.0,4.0,60.0,,,1.0,0,0,0,0,1,0,0,0,0,0
970,115.0,,,1497.0,,60.0,,,1.0,0,0,0,0,1,0,0,0,0,0
971,115.0,,,1497.0,,60.0,,,1.0,0,0,0,0,1,0,0,0,0,0
972,115.0,,,1497.0,,60.0,,,1.0,0,0,0,0,1,0,0,0,0,0
973,115.0,,,1497.0,,60.0,,,1.0,0,0,0,0,1,0,0,0,0,0
974,,,,1493.0,,60.0,,,1.0,0,0,0,0,1,0,0,0,0,0
975,115.0,,,1493.0,,60.0,,,1.0,0,0,0,0,1,0,0,0,0,0
976,115.0,,,1493.0,,60.0,,,1.0,0,0,0,0,1,0,0,0,0,0
977,115.0,,,1493.0,,60.0,,,1.0,0,0,0,0,1,0,0,0,0,0
978,115.0,,,1493.0,,60.0,,,1.0,0,0,0,0,1,0,0,0,0,0
979,115.0,,,1493.0,,60.0,,,1.0,0,0,0,0,1,0,0,0,0,0
980,140.0,,,1353.0,4.0,50.0,,,1.0,0,0,0,0,1,0,0,0,0,0
981,140.0,,,1353.0,4.0,50.0,,,1.0,0,0,0,0,1,0,0,0,0,0
982,140.0,,,1353.0,4.0,50.0,,,1.0,0,0,0,0,1,0,0,0,0,0
983,140.0,,,1353.0,4.0,50.0,,,1.0,0,0,0,0,1,0,0,0,0,0
984,115.0,,,1493.0,,60.0,,,1.0,0,0,0,0,1,0,0,0,0,0
1009,152.0,205.0,205.0,1999.0,4.0,50.0,205.0,196.0,1.0,0,0,0,0,0,1,0,0,0,0
1010,152.0,205.0,205.0,1999.0,4.0,50.0,205.0,196.0,1.0,0,0,0,0,0,1,0,0,0,0
1011,152.0,205.0,205.0,1999.0,4.0,50.0,205.0,196.0,1.0,0,0,0,0,0,1,0,0,0,0
1012,152.0,205.0,205.0,1999.0,4.0,50.0,205.0,196.0,1.0,0,0,0,0,0,1,0,0,0,0
1033,,225.0,225.0,1950.0,4.0,66.0,225.0,400.0,1.0,0,0,0,0,0,0,0,0,0,0
1034,,225.0,225.0,1950.0,4.0,66.0,225.0,400.0,1.0,0,0,0,0,0,0,0,0,0,0
1035,,225.0,225.0,1950.0,4.0,66.0,225.0,500.0,1.0,0,0,0,0,0,0,0,0,0,0
1036,,245.0,245.0,3982.0,8.0,66.0,245.0,700.0,1.0,0,0,0,0,0,0,0,0,0,0
1037,,225.0,225.0,1497.0,4.0,66.0,225.0,280.0,1.0,0,0,0,0,0,0,0,0,0,0
1038,,225.0,225.0,1497.0,4.0,66.0,225.0,280.0,1.0,0,0,0,0,0,0,0,0,0,0
1047,245.0,,,1950.0,4.0,93.0,,500.0,1.0,0,0,0,0,0,0,0,0,0,0
1048,,,,2925.0,6.0,93.0,,,1.0,0,0,0,0,0,0,0,0,0,0
1049,,,,1950.0,4.0,,,,1.0,0,0,0,0,0,0,0,0,0,0
1050,,,,2998.0,6.0,80.0,,,1.0,0,0,0,0,0,0,1,0,0,0
1051,,,,2993.0,6.0,80.0,,,1.0,0,0,0,0,0,0,1,0,0,0
1053,450.0,,,2981.0,6.0,64.0,,530.0,1.0,0,0,0,0,0,0,0,0,0,0
1054,450.0,,,2981.0,6.0,64.0,,530.0,1.0,0,0,0,0,0,0,0,0,0,0
1061,75.0,165.0,165.0,1186.0,3.0,37.0,165.0,,1.0,0,0,0,0,0,1,0,0,0,0
1063,83.0,165.0,165.0,1197.0,4.0,37.0,165.0,114.0,1.0,0,0,0,0,0,1,0,0,0,0
1064,83.0,165.0,165.0,1197.0,4.0,37.0,165.0,114.0,1.0,0,0,0,0,0,1,0,0,0,0
1065,83.0,165.0,165.0,1197.0,4.0,37.0,165.0,114.0,1.0,0,0,0,0,0,1,0,0,0,0
1066,83.0,165.0,165.0,1197.0,4.0,37.0,165.0,114.0,1.0,0,0,0,0,0,1,0,0,0,0
1067,83.0,175.0,175.0,1197.0,4.0,37.0,175.0,114.0,1.0,0,0,0,0,0,1,0,0,0,0
1068,83.0,175.0,175.0,1197.0,4.0,37.0,175.0,114.0,1.0,0,0,0,0,0,1,0,0,0,0
1069,75.0,165.0,165.0,1186.0,3.0,37.0,165.0,,1.0,0,0,0,0,0,1,0,0,0,0
1070,75.0,175.0,175.0,1186.0,3.0,37.0,175.0,,1.0,0,0,0,0,0,1,0,0,0,0
1093,,185.0,185.0,1462.0,4.0,43.0,185.0,138.0,1.0,1,0,0,0,0,0,0,0,0,0
1094,,185.0,185.0,1462.0,4.0,43.0,185.0,138.0,1.0,1,0,0,0,0,0,0,0,0,0
1095,,185.0,185.0,1462.0,4.0,43.0,185.0,138.0,1.0,1,0,0,0,0,0,0,0,0,0
1096,,195.0,195.0,1462.0,4.0,43.0,195.0,138.0,1.0,1,0,0,0,0,0,0,0,0,0
1097,,185.0,185.0,1462.0,4.0,43.0,185.0,138.0,1.0,1,0,0,0,0,0,0,0,0,0
1098,,185.0,185.0,1462.0,4.0,43.0,185.0,138.0,1.0,1,0,0,0,0,0,0,0,0,0
1099,,195.0,195.0,1462.0,4.0,43.0,195.0,138.0,1.0,1,0,0,0,0,0,0,0,0,0
1136,140.0,,,1956.0,3.0,50.0,,,1.0,0,0,1,0,0,0,0,0,0,0
1137,140.0,,,1956.0,3.0,50.0,,,1.0,0,0,1,0,0,0,0,0,0,0
1138,140.0,,,1956.0,3.0,50.0,,,1.0,0,0,1,0,0,0,0,0,0,0
1139,140.0,,,1956.0,3.0,50.0,,,1.0,0,0,1,0,0,0,0,0,0,0
1140,140.0,,,1956.0,3.0,50.0,,,1.0,0,0,1,0,0,0,0,0,0,0
1141,140.0,,,1956.0,3.0,50.0,,,1.0,0,0,1,0,0,0,0,0,0,0
1161,248.0,255.0,255.0,1984.0,6.0,65.0,235.0,370.0,1.0,0,0,0,0,0,0,0,0,0,0
1170,625.0,,,4395.0,8.0,68.0,,,1.0,0,0,0,0,0,0,1,0,0,0
1173,68.0,165.0,165.0,998.0,3.0,32.0,165.0,90.0,1.0,0,0,0,0,0,0,0,0,1,0
1174,68.0,165.0,165.0,998.0,3.0,32.0,165.0,90.0,1.0,0,0,0,0,0,0,0,0,1,0
1175,83.0,155.0,155.0,1197.0,3.0,32.0,155.0,1130.0,1.0,0,0,0,0,0,0,0,0,1,0
1177,83.0,165.0,165.0,1197.0,3.0,32.0,165.0,113.0,1.0,0,0,0,0,0,0,0,0,1,0
1178,83.0,155.0,155.0,1197.0,3.0,32.0,155.0,113.0,1.0,0,0,0,0,0,0,0,0,1,0
1179,83.0,165.0,165.0,1197.0,3.0,32.0,165.0,113.0,1.0,0,0,0,0,0,0,0,0,1,0
1181,68.0,165.0,165.0,998.0,3.0,32.0,165.0,90.0,1.0,0,0,0,0,0,0,0,0,1,0
1182,83.0,165.0,165.0,1197.0,3.0,32.0,165.0,113.0,1.0,0,0,0,0,0,0,0,0,1,0
1183,83.0,155.0,155.0,1197.0,3.0,32.0,155.0,113.0,1.0,0,0,0,0,0,0,0,0,1,0
1184,68.0,165.0,165.0,998.0,3.0,32.0,165.0,90.0,1.0,0,0,0,0,0,0,0,0,1,0
1196,106.0,,,1498.0,4.0,50.0,,142.0,1.0,0,0,0,0,0,0,0,0,0,0
1198,110.0,,,1461.0,4.0,50.0,,240.0,1.0,0,0,0,0,0,0,0,0,0,0
1203,110.0,,,1461.0,4.0,50.0,,240.0,1.0,0,0,0,0,0,0,0,0,0,0
1251,,235.0,235.0,1991.0,4.0,66.0,235.0,,1.0,0,0,0,0,0,0,0,0,0,0
1252,194.0,235.0,235.0,1950.0,4.0,50.0,235.0,,1.0,0,0,0,0,0,0,0,0,0,0
1253,,,,2995.0,6.0,75.0,,,1.0,0,0,0,0,0,0,0,0,0,0
1254,,,,2995.0,8.0,90.0,,,1.0,0,0,0,0,0,0,0,0,0,0
1265,119.0,175.0,175.0,1497.0,4.0,40.0,175.0,145.0,1.0,0,1,0,0,0,0,0,0,0,0
1266,119.0,175.0,175.0,1497.0,4.0,40.0,175.0,145.0,1.0,0,1,0,0,0,0,0,0,0,0
1267,119.0,185.0,185.0,1497.0,4.0,40.0,185.0,145.0,1.0,0,1,0,0,0,0,0,0,0,0
1268,119.0,185.0,185.0,1497.0,4.0,40.0,185.0,145.0,1.0,0,1,0,0,0,0,0,0,0,0
1273,119.0,185.0,185.0,1497.0,4.0,40.0,185.0,145.0,1.0,0,1,0,0,0,0,0,0,0,0
1274,119.0,175.0,175.0,1497.0,4.0,40.0,175.0,145.0,1.0,0,1,0,0,0,0,0,0,0,0
